[
{
   "model": "catalog.genre",
   "pk": 1,
   "fields": {
      "name": "Приключения"
   }
},
{
   "model": "catalog.genre",
   "pk": 2,
   "fields": {
      "name": "Комедия"
   }
},
{
   "model": "catalog.genre",
   "pk": 3,
   "fields": {
      "name": "Экшен"
   }
},
{
   "model": "catalog.genre",
   "pk": 4,
   "fields": {
      "name": "Боевые искусства"
   }
},
{
   "model": "catalog.genre",
   "pk": 5,
   "fields": {
      "name": "Супер сила"
   }
},
{
   "model": "catalog.genre",
   "pk": 6,
   "fields": {
      "name": "Сёнен"
   }
},
{
   "model": "catalog.genre",
   "pk": 7,
   "fields": {
      "name": "Драма"
   }
},
{
   "model": "catalog.genre",
   "pk": 8,
   "fields": {
      "name": "Повседневность"
   }
},
{
   "model": "catalog.genre",
   "pk": 9,
   "fields": {
      "name": "Фэнтези"
   }
},
{
   "model": "catalog.genre",
   "pk": 10,
   "fields": {
      "name": "Сверхъестественное"
   }
},
{
   "model": "catalog.genre",
   "pk": 11,
   "fields": {
      "name": "Детектив"
   }
},
{
   "model": "catalog.genre",
   "pk": 12,
   "fields": {
      "name": "Триллер"
   }
},
{
   "model": "catalog.genre",
   "pk": 13,
   "fields": {
      "name": "Демоны"
   }
},
{
   "model": "catalog.genre",
   "pk": 14,
   "fields": {
      "name": "Самураи"
   }
},
{
   "model": "catalog.genre",
   "pk": 15,
   "fields": {
      "name": "Исторический"
   }
},
{
   "model": "catalog.genre",
   "pk": 16,
   "fields": {
      "name": "Фантастика"
   }
},
{
   "model": "catalog.genre",
   "pk": 17,
   "fields": {
      "name": "Романтика"
   }
},
{
   "model": "catalog.genre",
   "pk": 18,
   "fields": {
      "name": "Школа"
   }
},
{
   "model": "catalog.genre",
   "pk": 19,
   "fields": {
      "name": "Психологическое"
   }
},
{
   "model": "catalog.status",
   "pk": 1,
   "fields": {
      "name": "Вышло"
   }
},
{
   "model": "catalog.status",
   "pk": 2,
   "fields": {
      "name": "Выходит"
   }
},
{
   "model": "catalog.anime",
   "pk": 1,
   "fields": {
      "title": "Наруто: Ураганные хроники",
      "date": "2007-02-15",
      "episodes_number": 500,
      "episode_duration": 23,
      "average_rating": 3.0,
      "description": "«Ураганные хроники» продолжают историю о приключениях юного ниндзя Наруто Узумаки и его друзей. С начала серии проходит три года, герои взрослеют, набираются жизненного опыта и совершенствуют свои навыки.\r\nНаруто возвращается в Деревню Скрытой Листвы, и команда, ранее состоящая из него, Саскэ и Сакуры, переформировывается. Место Саскэ в ней занимает молодой ниндзя по имени Сай, и вместе они берут название «Команда Какаши».\r\nНо безоблачная жизнь длится недолго. В Конохе вновь вспыхивают старые раздоры, оставшиеся после первых Хокагэ. Лидер Акацуки мечтает о мировом господстве, а в Деревне Песка всплывают старые тайны.\r\nВскоре весь мир ждут серьёзные испытания и сильнейшие потрясения.",
      "image": "https://nyaa.shikimori.one/system/animes/original/1735.jpg?1633688471",
      "status": 1,
      "genre": [
         4,
         2,
         1,
         5,
         3
      ],
      "user": [
         2
      ]
   }
},
{
   "model": "catalog.anime",
   "pk": 2,
   "fields": {
      "title": "Наруто",
      "date": "2002-10-03",
      "episodes_number": 220,
      "episode_duration": 23,
      "average_rating": 0.0,
      "description": "«Это мой путь ниндзя!»\r\n\r\nВ день рождения Наруто Узумаки на деревню под названием Коноха напал легендарный демон, Девятихвостый лис. Четвёртый Хокагэ ценой своей жизни спас деревню, запечатав демона в новорождённом Наруто, неосознанно обрекая его на жизнь в ненависти односельчан.\r\nНесмотря на недостаток таланта во многих областях ниндзюцу, неусидчивость и задиристость, у Наруто есть мечта — стать Хокагэ, сильнейшим ниндзя в деревне. Желая признания, которого не получал, он упорно работает и тренируется вместе со своими напарниками, Саскэ Учихой и Сакурой Харуно, а также со своим наставником Какаши Хатакэ. Ему и его напарникам придётся пройти через многое по пути к своим заветным мечтам: сражения, любовь, дружба, предательство, жажда силы...",
      "image": "https://nyaa.shikimori.one/system/animes/original/20.jpg?1633690219",
      "status": 1,
      "genre": [
         4,
         2,
         1,
         5,
         3
      ],
      "user": []
   }
},
{
   "model": "catalog.anime",
   "pk": 3,
   "fields": {
      "title": "Невероятное приключение ДжоДжо: Золотой ветер",
      "date": "2018-10-05",
      "episodes_number": 39,
      "episode_duration": 23,
      "average_rating": 0.0,
      "description": "События новой части «Невероятных приключений ДжоДжо» развернутся в Италии 2001 года.\r\nДжорно Джованна — молодой амбициозный парень, живущий в школе-интернате и промышляющий мелким мошенничеством. Юноша, будучи сыном Дио Брандо, вобрал в себя как хладнокровие отца, так и пылкое, переполненное решимостью сердце Джостаров.\r\nДжорно решает вступить в мафиозную семью «Пассионе», как только встречает её члена — Бруно Буччеллати, чтобы пробиться в ней к вершине власти. В составе команды Буччеллати новоиспечённому гангстеру предстоит найти выход из самых неординарных ситуаций, выполняя крайне ответственное поручение лично от босса семьи.\r\nМножество опасных обладателей стендов станут препятствием на пути команды к успеху и героя к исполнению его «золотой» мечты — возглавить мафиозную группировку и ограничить её преступную деятельность.",
      "image": "https://kawai.shikimori.one/system/animes/original/37991.jpg?1644246683",
      "status": 1,
      "genre": [
         1,
         6,
         3
      ],
      "user": []
   }
},
{
   "model": "catalog.anime",
   "pk": 4,
   "fields": {
      "title": "Вайолет Эвергарден",
      "date": "2018-07-04",
      "episodes_number": 13,
      "episode_duration": 24,
      "average_rating": 0.0,
      "description": "Вайолет Эвергарден, молодая девушка, чья жизнь — не что иное, как война, послушно служит под командованием майора Гилберта Бугенвиллеи из армии Ляйденшафтлиха.\r\nПосле серьёзных увечий, оставивших её без рук и разделивших с Гилбертом, она покинула поле боя и была взята под опеку бывшим командующим армии Клаудией Ходжинсом, который после окончания войны основал почтовую службу «C-H» в крупном портовом городе Ляйден. Эта компания осуществляет регулярные почтовые пересылки и предоставляет услуги «автозапоминающих кукол» — талантливых девушек, в чьи обязанности входит написание писем и корректировка текста для большей части неграмотного населения города.\r\nВ конечном итоге, тронутая работой автозапоминающих кукол, Вайолет решает присоединиться к команде, чтобы узнать судьбу майора Гилберта и смысл последних слов, сказанных им: «Я люблю тебя».",
      "image": "https://moe.shikimori.one/system/animes/original/33352.jpg?1633702265",
      "status": 1,
      "genre": [
         7,
         8,
         9
      ],
      "user": []
   }
},
{
   "model": "catalog.anime",
   "pk": 5,
   "fields": {
      "title": "Бездомный бог",
      "date": "2015-11-17",
      "episodes_number": 12,
      "episode_duration": 24,
      "average_rating": 0.0,
      "description": "Почти забытый всеми бог Ято мечтает стать самым уважаемым божеством в мире со своим храмом и прочей роскошью. Но, во-первых, денег у него нет, во-вторых, работать он желанием не горит, а, в-третьих, ко всему прочему, нашего героя оставляет очередное оружие.\r\nКак-то раз, когда Ято выполнял одно из заданий, старшеклассница Хиёри Ики, не подозревающая о божественном статусе юноши, бросилась под автобус, чтобы его спасти. В результате, как выяснилось, душа Хиёри обрела способность отделяться от тела, пока та без сознания. Испуганная девушка попросила Ято вернуть её в прежнее состояние, но тот согласился лишь при одном условии: Хиёри должна помочь бродячему божку прославиться. Выйдет ли из этого что-нибудь?",
      "image": "https://moe.shikimori.one/system/animes/original/20507.jpg?1635232805",
      "status": 1,
      "genre": [
         2,
         1,
         10,
         3
      ],
      "user": []
   }
},
{
   "model": "catalog.anime",
   "pk": 6,
   "fields": {
      "title": "Эхо террора",
      "date": "2014-07-11",
      "episodes_number": 11,
      "episode_duration": 22,
      "average_rating": 3.0,
      "description": "В один из летних деньков Токио содрогается от крупного террористического акта. За этим стоит некая организация, именуемая «Сфинкс» и появившаяся буквально из ниоткуда. Вот только состоит эта организация всего из двух школьников, Араты «Девять» Коконоэ и Тодзи «Двенадцать» Хисами, а также неожиданно присоединившейся к ним Лизы Мисимы. Пока все ищут злодея, эта троица делает первый ход в игре, частью которой стало всё население Японии.\r\n\r\n«В этом мире необходимо уметь спустить курок» — с этим девизом и начинается грандиозная «игра».",
      "image": "https://desu.shikimori.one/system/animes/original/23283.jpg?1633870871",
      "status": 1,
      "genre": [
         11,
         12
      ],
      "user": [
         2
      ]
   }
},
{
   "model": "catalog.anime",
   "pk": 7,
   "fields": {
      "title": "Восхождение героя щита 2",
      "date": "2022-04-06",
      "episodes_number": 13,
      "episode_duration": 23,
      "average_rating": 0.0,
      "description": "Неделя остаётся до начала очередной Волны, и команда Наофуми не теряет ни единой минуты попусту. Однако, когда на деревню Луролона начинается нападение, время до конца Волны останавливается, и четыре героя вновь собираются у королевы Мирелии Кью Мелромарк для краткого инструктажа по произошедшему. Королева предполагает, что все эти странные события как-то связаны с Духом Черепахи — опасным существом, которое пробудилось ото сна и вернулось, чтобы вновь сеять хаос и разрушение. Было принято решение разработать план по усмирению Духа Черепахи, но из четырёх прославленных героев, только проклятый герой щита соглашается помочь.",
      "image": "https://kawai.shikimori.one/system/animes/original/40356.jpg?1652768196",
      "status": 2,
      "genre": [
         7,
         1,
         9,
         3
      ],
      "user": []
   }
},
{
   "model": "catalog.anime",
   "pk": 8,
   "fields": {
      "title": "Дороро",
      "date": "2019-01-07",
      "episodes_number": 24,
      "episode_duration": 24,
      "average_rating": 0.0,
      "description": "В стране царит смута, и один из генералов жаждет во что бы то ни стало одержать победу в решающей битве, которая ни много ни мало сулит ему трон всей страны. Для этого он решается на страшный грех и заключает сделку с двенадцатью демонами: те помогают ему выиграть бой, а он за это отдаёт каждому из них одну из частей тела своего новорождённого сына. Обречённый на гибель мальчик, тем не менее, выживает благодаря помощи доктора, создавшего для него протезы-оружие. Преданный собственным отцом, юноша ничего так не желает, как отомстить родителю, но для этого ему сперва необходимо убить каждого демона и вернуть отнятые части тела, по одной за раз. На своём пути охоты и истребления демонов молодой человек встречает сироту Дороро, который утверждает, что является величайшим вором Японии. Объединившись, они вместе отправляются в трудный путь, полный опасностей и приключений.",
      "image": "https://nyaa.shikimori.one/system/animes/original/37520.jpg?1644249957",
      "status": 1,
      "genre": [
         13,
         15,
         1,
         14,
         10,
         3
      ],
      "user": []
   }
},
{
   "model": "catalog.anime",
   "pk": 9,
   "fields": {
      "title": "Пожиратель звёзд 2",
      "date": "2021-12-29",
      "episodes_number": 12,
      "episode_duration": 21,
      "average_rating": 0.0,
      "description": "",
      "image": "https://kawai.shikimori.one/system/animes/original/49571.jpg?1648073143",
      "status": 2,
      "genre": [
         1,
         16,
         3
      ],
      "user": []
   }
},
{
   "model": "catalog.anime",
   "pk": 10,
   "fields": {
      "title": "Семья шпиона",
      "date": "2022-04-09",
      "episodes_number": 12,
      "episode_duration": 24,
      "average_rating": 2.0,
      "description": "Кто приходит на ум, когда речь заходит о тайных агентах? Конечно же, невероятный Джеймс Бонд, который постоянно подвергает жизнь опасности, выполняя секретные миссии. О таком харизматичном и смелом мужчине мечтают многие дамы, так что Агент 007 купается в лучах женского внимания.\r\nГерой этой истории, Лойд Форджер, является «Джеймсом Бондом» своего времени. Погони, шпионаж, перестрелки, тайные миссии — всё это является неотъемлемой частью его жизни. Закончив одно задание, он тут же принимается за другое — усталость ему неведома. Однако на этот раз миссия оказывается немного необычной: он должен сохранить мир между двумя странами, а для этого ему предстоит обзавестись фиктивной семьёй. Роль «роковой красотки из Бондианы», и по совместительству жены Лойда, достаётся Йор Форджер — профессиональной наёмной убийце с кодовым именем Тернистая Принцесса. Для полноты картины осталось обзавестись ещё и ребёнком, и эспер Аня Форджер только рада заполучить себе крутых новых родителей.\r\n\r\nТеперь новой семье предстоит не только выполнить секретное задание, не раскрыв себя, но и понять, что семья — это гораздо больше, чем просто кровные родственники.",
      "image": "https://nyaa.shikimori.one/system/animes/original/50265.jpg?1653060604",
      "status": 2,
      "genre": [
         2,
         3
      ],
      "user": [
         2
      ]
   }
},
{
   "model": "catalog.anime",
   "pk": 11,
   "fields": {
      "title": "Госпожа Кагуя: в любви как на войне 3",
      "date": "2022-04-09",
      "episodes_number": 12,
      "episode_duration": 23,
      "average_rating": 0.0,
      "description": "",
      "image": "https://desu.shikimori.one/system/animes/original/43608.jpg?1652398146",
      "status": 2,
      "genre": [
         2,
         19,
         17,
         18
      ],
      "user": []
   }
},
{
   "model": "catalog.anime",
   "pk": 12,
   "fields": {
      "title": "Ван-Пис",
      "date": "1999-10-20",
      "episodes_number": 1018,
      "episode_duration": 24,
      "average_rating": 0.0,
      "description": "Легендарный Гол Д. Роджер был пиратским королём, он был единственным пиратом, проплывшим Гранд Лайн от начала и до конца. Захват Роджера 22 года тому назад всемирным правительством привёл к изменениям во всём мире. Последние слова пирата перед казнью открыли расположение величайшего сокровища мира Ван-Пис. Тот, кто добудет его, станет новым Королём пиратов, и именно это событие положило начало Великой эры пиратов.\r\nМонки Д. Луффи, 17-летний парень, бросает вызов Гранд Лайн. Он собирает команду и отправляется на поиски сокровища, мечтая о захватывающих приключениях и имея свои причины стать пиратом. Следуя по стопам своего героя детства, Короля пиратов, Луффи и его команда путешествуют по линии Великого моря навстречу безумным приключениям, сильным врагам, и всё для того, чтобы добыть Великое сокровище мира — Ван-Пис.",
      "image": "https://kawai.shikimori.one/system/animes/original/21.jpg?1470452690",
      "status": 2,
      "genre": [
         7,
         2,
         1,
         5,
         9
      ],
      "user": []
   }
},
{
   "model": "catalog.comment",
   "pk": 31,
   "fields": {
      "date": "2022-05-21T13:24:00.193Z",
      "text": "universal",
      "anime": null,
      "user": null
   }
},
{
   "model": "catalog.comment",
   "pk": 32,
   "fields": {
      "date": "2022-05-21T13:33:37.430Z",
      "text": "блич хуич",
      "anime": null,
      "user": null
   }
},
{
   "model": "catalog.comment",
   "pk": 46,
   "fields": {
      "date": "2022-05-24T14:37:07.164Z",
      "text": "test text",
      "anime": null,
      "user": null
   }
},
{
   "model": "catalog.comment",
   "pk": 47,
   "fields": {
      "date": "2022-05-24T14:37:18.827Z",
      "text": "test text",
      "anime": null,
      "user": null
   }
},
{
   "model": "catalog.comment",
   "pk": 48,
   "fields": {
      "date": "2022-05-24T14:37:28.413Z",
      "text": "test text",
      "anime": null,
      "user": null
   }
},
{
   "model": "catalog.comment",
   "pk": 49,
   "fields": {
      "date": "2022-05-24T14:39:08.966Z",
      "text": "test text",
      "anime": null,
      "user": null
   }
},
{
   "model": "catalog.comment",
   "pk": 50,
   "fields": {
      "date": "2022-05-24T14:40:23.211Z",
      "text": "test text",
      "anime": null,
      "user": 2
   }
},
{
   "model": "catalog.comment",
   "pk": 51,
   "fields": {
      "date": "2022-05-24T14:45:24.115Z",
      "text": "test text",
      "anime": null,
      "user": 2
   }
},
{
   "model": "catalog.comment",
   "pk": 52,
   "fields": {
      "date": "2022-05-24T14:45:45.141Z",
      "text": "test text",
      "anime": null,
      "user": 2
   }
},
{
   "model": "catalog.comment",
   "pk": 53,
   "fields": {
      "date": "2022-05-24T14:45:53.589Z",
      "text": "test text",
      "anime": null,
      "user": 2
   }
},
{
   "model": "catalog.comment",
   "pk": 54,
   "fields": {
      "date": "2022-05-24T14:45:58.633Z",
      "text": "test text",
      "anime": null,
      "user": 2
   }
},
{
   "model": "catalog.comment",
   "pk": 55,
   "fields": {
      "date": "2022-05-24T14:46:03.915Z",
      "text": "test text",
      "anime": null,
      "user": 2
   }
},
{
   "model": "catalog.comment",
   "pk": 56,
   "fields": {
      "date": "2022-05-24T14:48:50.489Z",
      "text": "test text",
      "anime": null,
      "user": null
   }
},
{
   "model": "catalog.comment",
   "pk": 57,
   "fields": {
      "date": "2022-05-24T14:48:55.252Z",
      "text": "test text",
      "anime": null,
      "user": null
   }
},
{
   "model": "catalog.comment",
   "pk": 58,
   "fields": {
      "date": "2022-05-24T14:48:59.417Z",
      "text": "test text",
      "anime": null,
      "user": null
   }
},
{
   "model": "catalog.comment",
   "pk": 59,
   "fields": {
      "date": "2022-05-24T14:53:56.611Z",
      "text": "test text",
      "anime": null,
      "user": null
   }
},
{
   "model": "catalog.comment",
   "pk": 60,
   "fields": {
      "date": "2022-05-24T14:55:01.345Z",
      "text": "test text",
      "anime": null,
      "user": null
   }
},
{
   "model": "catalog.comment",
   "pk": 61,
   "fields": {
      "date": "2022-05-24T15:02:36.603Z",
      "text": "test text",
      "anime": null,
      "user": null
   }
},
{
   "model": "catalog.comment",
   "pk": 62,
   "fields": {
      "date": "2022-05-24T15:02:42.958Z",
      "text": "test text",
      "anime": null,
      "user": null
   }
},
{
   "model": "catalog.comment",
   "pk": 63,
   "fields": {
      "date": "2022-05-24T15:02:46.849Z",
      "text": "test text",
      "anime": null,
      "user": null
   }
},
{
   "model": "catalog.comment",
   "pk": 64,
   "fields": {
      "date": "2022-05-24T15:18:44.807Z",
      "text": "test text",
      "anime": null,
      "user": 2
   }
},
{
   "model": "catalog.comment",
   "pk": 70,
   "fields": {
      "date": "2022-05-30T17:50:42.162Z",
      "text": "qwe",
      "anime": 6,
      "user": 2
   }
},
{
   "model": "catalog.comment",
   "pk": 71,
   "fields": {
      "date": "2022-05-31T15:44:47.414Z",
      "text": "123",
      "anime": 6,
      "user": 2
   }
},
{
   "model": "catalog.comment",
   "pk": 72,
   "fields": {
      "date": "2022-05-31T21:38:31.773Z",
      "text": "123",
      "anime": 1,
      "user": 9
   }
},
{
   "model": "catalog.comment",
   "pk": 73,
   "fields": {
      "date": "2022-05-31T21:39:14.066Z",
      "text": "34",
      "anime": 1,
      "user": 9
   }
},
{
   "model": "catalog.comment",
   "pk": 74,
   "fields": {
      "date": "2022-05-31T22:25:00.767Z",
      "text": "cofefa",
      "anime": 1,
      "user": 2
   }
},
{
   "model": "catalog.comment",
   "pk": 75,
   "fields": {
      "date": "2022-05-31T22:25:47.999Z",
      "text": "cof",
      "anime": 1,
      "user": 2
   }
},
{
   "model": "catalog.comment",
   "pk": 76,
   "fields": {
      "date": "2022-05-31T22:26:20.257Z",
      "text": "qwe",
      "anime": 1,
      "user": 2
   }
},
{
   "model": "catalog.comment",
   "pk": 77,
   "fields": {
      "date": "2022-05-31T22:39:12.843Z",
      "text": "test",
      "anime": 1,
      "user": 2
   }
},
{
   "model": "catalog.comment",
   "pk": 78,
   "fields": {
      "date": "2022-05-31T23:59:35.037Z",
      "text": "celery",
      "anime": 1,
      "user": 2
   }
},
{
   "model": "catalog.comment",
   "pk": 79,
   "fields": {
      "date": "2022-06-01T11:06:05.679Z",
      "text": "log",
      "anime": 6,
      "user": 2
   }
},
{
   "model": "catalog.comment",
   "pk": 80,
   "fields": {
      "date": "2022-06-01T11:16:54.925Z",
      "text": "check log",
      "anime": 6,
      "user": 10
   }
},
{
   "model": "catalog.comment",
   "pk": 81,
   "fields": {
      "date": "2022-06-01T11:24:18.091Z",
      "text": "32",
      "anime": 1,
      "user": 10
   }
},
{
   "model": "catalog.comment",
   "pk": 82,
   "fields": {
      "date": "2022-06-01T11:29:03.288Z",
      "text": "1",
      "anime": 1,
      "user": 10
   }
},
{
   "model": "catalog.comment",
   "pk": 83,
   "fields": {
      "date": "2022-06-01T11:30:27.198Z",
      "text": "3",
      "anime": 1,
      "user": 10
   }
},
{
   "model": "catalog.comment",
   "pk": 84,
   "fields": {
      "date": "2022-06-01T11:31:34.747Z",
      "text": "6",
      "anime": 1,
      "user": 10
   }
},
{
   "model": "catalog.rating",
   "pk": 7,
   "fields": {
      "number": 1,
      "anime": 10,
      "user": 1
   }
},
{
   "model": "catalog.rating",
   "pk": 8,
   "fields": {
      "number": 3,
      "anime": 6,
      "user": 2
   }
},
{
   "model": "catalog.rating",
   "pk": 9,
   "fields": {
      "number": 3,
      "anime": 10,
      "user": 2
   }
},
{
   "model": "catalog.rating",
   "pk": 10,
   "fields": {
      "number": 3,
      "anime": 1,
      "user": 2
   }
}
]
